ID Lote,Variante,Lote,Fecha de Caducidad,Unidades Perdidas
01KQ65K5H9BKH3TME7Q1P38TXA,"Variante variant_01KQ65K5FJWCDJAEKYB5KB0B6A","202503B",Fri Feb 28 1930 00:00:00 GMT-0600 (hora estándar central),65
01KQ65K5SKN9FMXTA556PGXE5A,"Variante variant_01KQ65K5RE4A9452G6Z17F99FF","2508035",Sun Apr 26 2026 18:31:56 GMT-0600 (hora estándar central),90
01KQ65K69SSMVKCR7NS47CBD33,"Variante variant_01KQ65K68ENMHSXHR9ST6HGCZG","4A275005",Thu Jul 31 1930 00:00:00 GMT-0600 (hora estándar central),6
01KQ65K6D50FNJTKRXG4TR7MWT,"Variante variant_01KQ65K6C24EQE97GJVJ3SMX50","202510V",Sun Apr 26 2026 18:31:57 GMT-0600 (hora estándar central),1
01KQ65K7GXB3VD8KNZ9NVBXJXP,"Variante variant_01KQ65K7FPSG8PNCDQT4VD3N1S","25J25A",Sun Apr 26 2026 18:31:58 GMT-0600 (hora estándar central),44
01KQ65K7VBDHQFGF6H3PNCMM73,"Variante variant_01KQ65K7T8A73X1ZFSDP8V54X5","75061239101 32",Sun Apr 26 2026 18:31:58 GMT-0600 (hora estándar central),3
01KQ65K7WT4VXY7GEKAVQTTKWK,"Variante variant_01KQ65K7VWYZ12D9RFTBQHTFBG","750612391111 5",Sun Apr 26 2026 18:31:58 GMT-0600 (hora estándar central),2
01KQ65K7YCM8PNASY550MY8H47,"Variante variant_01KQ65K7XCDNAFHX5P4WFHBW5A","75061239101 63",Sun Apr 26 2026 18:31:58 GMT-0600 (hora estándar central),2
01KQ65K801E538XWGS9SN17T8Z,"Variante variant_01KQ65K7YYEC3SP2QAHMHT8ZGP","75061239101 56",Sun Apr 26 2026 18:31:58 GMT-0600 (hora estándar central),4
01KQ65K81KXZMGHFXZKDBEK9NT,"Variante variant_01KQ65K80KWSQRBBHR0NAJ7B79","75061239111 39",Sun Apr 26 2026 18:31:59 GMT-0600 (hora estándar central),1
01KQ65K836NXRAJTHCB2FDHK50,"Variante variant_01KQ65K824CHNGRJGRP7JJAPNX","75061239101 49",Sun Apr 26 2026 18:31:59 GMT-0600 (hora estándar central),1
01KQ65K84VMTT5C9GMT3C6CWEQ,"Variante variant_01KQ65K83VMMHB7XQCXB2BEPYZ","75061239111 22",Sun Apr 26 2026 18:31:59 GMT-0600 (hora estándar central),3
01KQ65K8ETVQFTD801S7P6M5RJ,"Variante variant_01KQ65K8DQM65CHSQY17BP417X","75020131903 25",Sun Apr 26 2026 18:31:59 GMT-0600 (hora estándar central),3
01KQ65K8GK2Y8PYRHRDN546W85,"Variante variant_01KQ65K8FHRDYGR2YZPQ2FKG7Y","13290119",Sun Apr 26 2026 18:31:59 GMT-0600 (hora estándar central),1
01KQ65K8GTHKHYDX80KESA5ENB,"Variante variant_01KQ65K8FHRDYGR2YZPQ2FKG7Y","10041016",Sun Apr 26 2026 18:31:59 GMT-0600 (hora estándar central),1
01KQ65K8JNBYGZ318HW3T1HE4R,"Variante variant_01KQ65K8HJ42Z1ZG15CT294VNP","5240518",Sun Apr 26 2026 18:31:59 GMT-0600 (hora estándar central),2
01KQ65K8MDD5VCHSA45X0CNA14,"Variante variant_01KQ65K8KAHX91004NTDEXSFWX","75061239213 36",Sun Apr 26 2026 18:31:59 GMT-0600 (hora estándar central),1
01KQ65K8MKC1ERFKF4J5KMY88Q,"Variante variant_01KQ65K8KAHX91004NTDEXSFWX","4210417",Sun Apr 26 2026 18:31:59 GMT-0600 (hora estándar central),1
01KQ65K8MT3HACAWP2VHQAA8DV,"Variante variant_01KQ65K8KAHX91004NTDEXSFWX","13280119",Sun Apr 26 2026 18:31:59 GMT-0600 (hora estándar central),2
01KQ65K8N0XTJHPCD9BEPTNQD8,"Variante variant_01KQ65K8KAHX91004NTDEXSFWX","75020131903 32",Sun Apr 26 2026 18:31:59 GMT-0600 (hora estándar central),1
01KQ65K8PXJRCCYD17KF0Z6Z70,"Variante variant_01KQ65K8NMJVVH6A6CKMZAXM7M","73182",Sun Apr 26 2026 18:31:59 GMT-0600 (hora estándar central),1
01KQ65K8RW67YQ4VK0NHS7BXZC,"Variante variant_01KQ65K8QHFBKHVJZZRJ0A1W30","75061239222 34",Sun Apr 26 2026 18:31:59 GMT-0600 (hora estándar central),1
01KQ65K8W23RBN93FXG62QMP7A,"Variante variant_01KQ65K8SGHFD7J3RKAWH48RN7","GD25-94",Sun Apr 26 2026 18:31:59 GMT-0600 (hora estándar central),150
01KQ65KAAK3VSCTT40JG9ZK2XD,"Variante variant_01KQ65KA9KPTSSMEX3Y6MGSPW5","112024",Sun Apr 26 2026 18:32:01 GMT-0600 (hora estándar central),2
01KQ65KAGX3R90Q279SHKG5VXH,"Variante variant_01KQ65KAG119HA4PR3Q3FT1CS6","6000041820",Sun Apr 26 2026 18:32:01 GMT-0600 (hora estándar central),1
01KQ65KB4D626H726RKM8949VP,"Variante variant_01KQ65KB3C1YWJY296BRRJ69EJ","24-376U",Sun Jan 11 2026 00:00:00 GMT-0600 (hora estándar central),1
01KQ65KB97DMBPDWFXM1V3Z0YX,"Variante variant_01KQ65KB89KMR8QRFS8HK9K2KZ","25I2008J",Sun Apr 26 2026 18:32:02 GMT-0600 (hora estándar central),34
01KQ65KBAW3T79Z4313JR7QBEB,"Variante variant_01KQ65KB9XJPPRD67R2YQGT4X6","25G1909J",Sun Apr 26 2026 18:32:02 GMT-0600 (hora estándar central),31
01KQ65KBZ6ABG1HFW56Q57VYBJ,"Variante variant_01KQ65KBY7AMPVMAM9WGQTHZ32","209FB661",Mon Jan 05 2026 00:00:00 GMT-0600 (hora estándar central),2
01KQ65KCF6G2DDGNZAYT12X76F,"Variante variant_01KQ65KCE87R0T01VH556SY9JX","3006",Mon Dec 01 2025 00:00:00 GMT-0600 (hora estándar central),3
01KQ65KCQYSEQ0ZNCCGDYWYBFW,"Variante variant_01KQ65KCPYXXR89ATAT9MHKV90","23040100",Sun Mar 01 2026 00:00:00 GMT-0600 (hora estándar central),35
01KQ65KDPYCFQRM0CY6GX7VG9S,"Variante variant_01KQ65KDP35BV9DNFG86EKE5SF","2103193708",Sun Feb 01 2026 00:00:00 GMT-0600 (hora estándar central),1
01KQ65KE5C16EJYRGVJSDXBY4P,"Variante variant_01KQ65KE4A21SKCWXP7CXME21B","NN397-25",Thu Jul 31 1930 00:00:00 GMT-0600 (hora estándar central),5
01KQ65KEKMSJRZCF72W1FBWXMB,"Variante variant_01KQ65KEJF0SG9HY26Z4BY4EXY","240305",Sun Apr 26 2026 18:32:05 GMT-0600 (hora estándar central),2
01KQ65KFJ2XC8SBPNNQCANF1JY,"Variante variant_01KQ65KFGWVMTE09X6T4226BH1","1403620026",Thu Mar 20 1930 00:00:00 GMT-0600 (hora estándar central),12
